area(m²),rent(EGP),location_en
50,5500,Alexandria / 45 Street
90,7000,Alexandria / 6 October St.
650,220000,Alexandria / Abd El-Salam Aref St
200,65000,Alexandria / Abd El-Salam Aref St
300,120000,Alexandria / Abdel Salam Aref St.
800,35000,Alexandria / Abis
350,25000,Alexandria / Abis
52,6000,Alexandria / Abou El-Arab St.
160,85000,Alexandria / Abou Quer St - El Horeya Rd
100,20000,Alexandria / Abou Quer St - El Horeya Rd
240,20000,Alexandria / Abou Quer St - El Horeya Rd
160,16000,Alexandria / Abou Quer St - El Horeya Rd
325,40000,Alexandria / Abu Yusuf
50,2000,Alexandria / Abu Yusuf
90,7000,Alexandria / Abu Yusuf
825,412500,Alexandria / Ademon Fremon St.
50,5000,Alexandria / Ahmed Abo Soliman St.
120,6000,Alexandria / Ain Shams St.
60,7000,Alexandria / Akl Basha St
70,7000,Alexandria / Al Aeda Al Kadema St
100,5500,Alexandria / Al Agamy
100,12000,Alexandria / Al Agamy
50,2000,Alexandria / Al Agamy
150,17000,Alexandria / Al Asafra Bahri
60,3250,Alexandria / Al Asafra Bahri
70,10000,Alexandria / Al Asafra Bahri
200,20000,Alexandria / Al Asafra Bahri
230,13000,Alexandria / Al Asafra Bahri
240,100000,Alexandria / Al Asafra Bahri
65,10500,Alexandria / Al Asafra Bahri
80,5000,Alexandria / Al Asafra Bahri
110,13000,Alexandria / Al Asafra Bahri
60,8000,Alexandria / Al Asafra Qebli
55,9000,Alexandria / Al Asafra Qebli
100,8000,Alexandria / Al Kaada St
100,11000,Alexandria / Al Kaada St
65,4500,Alexandria / Al Mamourah Al Shateea
56,25000,Alexandria / Al Moaaskar Al Romani St.
185,150000,Alexandria / Al Moaaskar Al Romani St.
85,8500,Alexandria / Al Mohammedeya St.
110,25000,Alexandria / Al Nakib Sharif Ramzi St
65,20000,Alexandria / Al Nakib Sharif Ramzi St
55,7000,Alexandria / Al Samalehy 1 St
65,15000,Alexandria / Asafra Bahary
250,35000,Alexandria / Asafra Bahary
85,35000,Alexandria / Asafra Bahary
180,15000,Alexandria / Atlas St.
80,35000,Alexandria / Atlas St.
365,25000,Alexandria / Atlas St.
85,3000,Alexandria / Bakoos
600,100000,Alexandria / Bakoos
700,95000,Alexandria / Bakoos
80,6000,Alexandria / Bakoos
130,15000,Alexandria / Bakoos
60,5000,Alexandria / Bakoos
670,100000,Alexandria / Bakoos
75,6500,Alexandria / Bakoos
180,20000,Alexandria / Bianchi
50,6500,Alexandria / Bianchi
50,7500,Alexandria / Bianchi
62,32000,Alexandria / Bolekly
65,7500,Alexandria / Bolekly
209,80000,Alexandria / Bolekly
4600,350000,Alexandria / Borg El Arab
4500,400000,Alexandria / Borg El Arab
480,35000,Alexandria / Borg El Arab
5000,280000,Alexandria / Borg El Arab
800,60000,Alexandria / Borg El Arab
2500,470000,Alexandria / Borg El Arab
3200,250000,Alexandria / Borg El Arab
900,260000,Alexandria / Cairo - Alexandria Desert Road
50,4000,Alexandria / Cairo St.
60,22000,Alexandria / Camp Cesar
65,35000,Alexandria / City Light Mall
80,6000,Alexandria / El Amreya
1500,75000,Alexandria / El Amreya
80,4000,Alexandria / El Amreya
650,45000,Alexandria / El Amreya
1000,65000,Alexandria / El Amreya
80,5000,Alexandria / El Amreya
185,50000,Alexandria / El Arbaeen St.
100,50000,Alexandria / El Azarita
460,90000,Alexandria / El Baraka Compound
50,7000,Alexandria / El Bitash
310,40000,Alexandria / El Bitash
90,10000,Alexandria / El Bitash
100,3000,Alexandria / El Bitash
100,12000,Alexandria / El Bitash
100,9000,Alexandria / El Bitash
55,10000,Alexandria / El Bitash
60,5000,Alexandria / El Falki
180,15000,Alexandria / El Falki
90,3500,Alexandria / El Falki
140,6000,Alexandria / El Falki
55,5000,Alexandria / El Falki
70,4000,Alexandria / El Falki
70,45000,Alexandria / El Gaish Road
85,13000,Alexandria / El Gaish Road
125,120000,Alexandria / El Gaish Road
115,25000,Alexandria / El Gaish Road
160,80000,Alexandria / El Gaish Road
470,350000,Alexandria / El Geish Rd.
60,30000,Alexandria / El Geish Rd.
200,150000,Alexandria / El Hanouvel
200,400000,Alexandria / El Hanouvel
90,4500,Alexandria / El Hanouvel
76,22000,Alexandria / El Karma Compound
140,9000,Alexandria / El Kilo 21
62,22000,Alexandria / El Kilo 21
70,7000,Alexandria / El Kilo 21
80,5000,Alexandria / El Kilo 26
65,4500,Alexandria / El Mamoura
70,28000,Alexandria / El Mandara
180,18000,Alexandria / El Mandara Qebli
100,4000,Alexandria / El Ras El Souda
65,5500,Alexandria / El Saa'Ah Sq
300,15000,Alexandria / El Saa'Ah Sq
400,75000,Alexandria / El Saa'Ah Sq
90,3500,Alexandria / El Salam St.
50,10000,Alexandria / El Seyouf
65,4000,Alexandria / El Seyouf
550,30000,Alexandria / El Seyouf
250,30000,Alexandria / El Seyouf
110,20000,Alexandria / El Seyouf
60,10000,Alexandria / El Seyouf
63,10000,Alexandria / El Seyouf
194,80000,Alexandria / El Sultan Hussein St.
62,80000,Alexandria / El Sultan Hussein St.
75,22000,Alexandria / El Wardiyan
560,325000,Alexandria / El-Gaish Rd
60,19000,Alexandria / El-Gaish Rd
120,5500,Alexandria / El-Galaa St.
340,50000,Alexandria / El-Malek St
160,20000,Alexandria / El-Rasafa St
265,25000,Alexandria / El-Rasafa St
120,7000,Alexandria / El-Reyad St
170,20000,Alexandria / El-Shaikh Hussein Soliman 18 St.
100,100000,Alexandria / El-Shohada St.
50,3500,Alexandria / El-Zahraa City St
50,3000,Alexandria / El-Zahraa City St
70,8000,Alexandria / Erfan St
80,4500,Alexandria / Eskot
70,3000,Alexandria / Ezbet Mohsen St.
55,15000,Alexandria / Gamal Abd El Nasir St
100,10000,Alexandria / Gamal Abd El Nasir St
70,5000,Alexandria / Gamal Abd El Nasir St
50,7000,Alexandria / Gamal Abd El Nasir St
100,40000,Alexandria / Gamal Abd El Nasir St
240,100000,Alexandria / Gamal Abd El Nasir St
55,10000,Alexandria / Gamal Abd El Nasir St
160,15000,Alexandria / Gamal Abd El Nasir St
60,9000,Alexandria / Gamal Abd El Nasir St
50,7500,Alexandria / Gamal Abd El Nasir St
300,25000,Alexandria / Gamal Abd El Nasir St
60,10000,Alexandria / Gamal Abd El Nasir St
50,8000,Alexandria / Gamal Abd El Nasir St
65,6000,Alexandria / Gamal Abd El Nasir St
110,15000,Alexandria / Gamal Abd El Nasir St
600,300000,Alexandria / Gamal Abd El Nasir St
80,9500,Alexandria / Gamal Abd El Nasir St
130,14000,Alexandria / Gamal Abd El Nasir St
100,12000,Alexandria / Gamal Abd El Nasir St
100,25000,Alexandria / Gamal Abd El Nasir St
120,13000,Alexandria / Gamal Abd El Nasir St
110,25000,Alexandria / Gamal Abd El Nasir St
100,13000,Alexandria / Gamal Abd El Nasir St
90,10000,Alexandria / Gamal Abd El Nasir St
135,15000,Alexandria / Gamal Abd El Nasir St
180,35000,Alexandria / Gamal Abd El Nasir St
50,10000,Alexandria / Gamal Abd El Nasir St
83,12000,Alexandria / Gamal Abdel Nasser St.
60,5000,Alexandria / Gamal Abdel Nasser St.
150,17000,Alexandria / Gamal Abdel Nasser St.
200,39000,Alexandria / Gamal Abdel Nasser St.
150,6000,Alexandria / Gamal Abdel Nasser St.
240,100000,Alexandria / Gamal Abdel Nasser St.
60,25000,Alexandria / Gamal Abdel Nasser St.
240,70000,Alexandria / Gamal Abdel Nasser St.
80,12000,Alexandria / Gamal Abdel Nasser St.
120,15000,Alexandria / Gamal Abdel Nasser St.
120,10000,Alexandria / Gamal Abdel Nasser St.
120,12000,Alexandria / Gamal Abdel Nasser St.
250,85000,Alexandria / Gamal Abdel Nasser St.
55,30000,Alexandria / Gamal Abdel Nasser St.
60,12000,Alexandria / Gamal Abdel Nasser St.
100,10000,Alexandria / Gamal Abdel Nasser St.
240,90000,Alexandria / Gamal Abdel Nasser St.
88,50000,Alexandria / Gamila Abu Herid St.
110,15000,Alexandria / Ganaklis
60,18000,Alexandria / Ganaklis
300,50000,Alexandria / Ganaklis
140,50000,Alexandria / Ganaklis
60,15000,Alexandria / Ganaklis
180,22000,Alexandria / Ganaklis
111,1100,Alexandria / Green Plaza St.
87,45000,Alexandria / Grinfel St.
250,25000,Alexandria / Hoda El Islam Mosque St.
80,1500,Alexandria / Hoda El Islam Mosque St.
200,25000,Alexandria / Hoda El Islam Mosque St.
110,25000,Alexandria / Ibrahimia
140,30000,Alexandria / Ibrahimia
60,15000,Alexandria / Ibrahimia
150,15000,Alexandria / Ibrahimia
60,60000,Alexandria / Iskandar Ibrahim St.
120,70000,Alexandria / Iskandar Ibrahim St.
150,14000,Alexandria / Kafr Abdo
75,20000,Alexandria / Kanal Al Mahmoudeya Al Bahri St
90,14000,Alexandria / Khaled Ibn El Waleed St.
200,50000,Alexandria / Khaled Ibn El Waleed St.
150,30000,Alexandria / Khaled Ibn El Waleed St.
180,50000,Alexandria / Khaled Ibn El Waleed St.
148,45000,Alexandria / Khaled Ibn El Waleed St.
200,50000,Alexandria / Khaled Ibn El Walid St.
150,45000,Alexandria / Khaled Ibn El Walid St.
160,60000,Alexandria / Khaled Ibn El Walid St.
130,50000,Alexandria / Khaled Ibn El Walid St.
80,13000,Alexandria / Khaled Ibn El Walid St.
100,20000,Alexandria / Khaled Ibn El Walid St.
148,45000,Alexandria / Khaled Ibn El Walid St.
70,20000,Alexandria / Khaled Ibn El Walid St.
60,12000,Alexandria / Khaled Ibn El Walid St.
135,15000,Alexandria / Khaled Ibn El Walid St.
110,22000,Alexandria / Khaled Ibn El Walid St.
148,65000,Alexandria / Khaled Ibn El Walid St.
200,20000,Alexandria / Khaled Ibn El Walid St.
56,8000,Alexandria / Khaled Ibn El Walid St.
600,100000,Alexandria / Khaled Ibn El Walid St.
82,35000,Alexandria / Khalil Hamada St.
90,15000,Alexandria / Khalil Hamada St.
300,30000,Alexandria / Khalil Hamada St.
50,1500,Alexandria / Khorshed
140,135000,Alexandria / Kornesh El-Maamoura St
65,20000,Alexandria / La Jetee St.
125,20000,Alexandria / La Jetee St.
100,15000,Alexandria / La Jetee St.
130,14000,Alexandria / Mahmoud El Isawy St.
50,15000,Alexandria / Mahmoud El Isawy St.
75,15000,Alexandria / Mahmoud El Isawy St.
300,17000,Alexandria / Mahmoud El Isawy St.
60,9500,Alexandria / Mahmoud El Isawy St.
50,6000,Alexandria / Mahmoud El Isawy St.
220,17000,Alexandria / Mahmoud El Isawy St.
100,35000,Alexandria / Mahmoud El Isawy St.
80,15000,Alexandria / Mahmoud El Isawy St.
100,13000,Alexandria / Mahmoud El Isawy St.
175,30000,Alexandria / Mahmoud El Isawy St.
100,40000,Alexandria / Mahmoud El Isawy St.
220,15000,Alexandria / Mahmoud El Isawy St.
100,15000,Alexandria / Mahmoud El Isawy St.
75,14000,Alexandria / Mahmoud El Isawy St.
140,40000,Alexandria / Mahmoud El Isawy St.
80,14000,Alexandria / Mahmoud El Isawy St.
58,20000,Alexandria / Mahmoud El Isawy St.
60,15000,Alexandria / Mahmoud El Isawy St.
55,35000,Alexandria / Mahmoud El Isawy St.
150,11000,Alexandria / Mahmoud El Isawy St.
100,38000,Alexandria / Mahmoud El Isawy St.
130,30000,Alexandria / Mahmoud El-Isawy St.
85,30000,Alexandria / Mahmoud El-Isawy St.
100,15000,Alexandria / Mahmoud El-Isawy St.
100,35000,Alexandria / Mahmoud El-Isawy St.
220,18000,Alexandria / Mahmoud El-Isawy St.
60,9000,Alexandria / Mahmoud El-Isawy St.
50,8000,Alexandria / Mahmoud El-Isawy St.
60,9500,Alexandria / Mahmoud El-Isawy St.
65,20000,Alexandria / Malak Hefni St.
60,25000,Alexandria / Malak Hefni St.
180,18000,Alexandria / Malak Hefni St.
120,20000,Alexandria / Malak Hefni St.
150,15000,Alexandria / Malak Hefni St.
230,13000,Alexandria / Malak Hefni St.
550,44000,Alexandria / Margham
700,45000,Alexandria / Margham
600,30000,Alexandria / Margham
1000,75000,Alexandria / Margham
3500,45000,Alexandria / Margham
600,45000,Alexandria / Margham
1800,155000,Alexandria / Margham
550,45000,Alexandria / Margham
750,45000,Alexandria / Margham
1200,55000,Alexandria / Margham
200,35000,Alexandria / Margham
1200,75000,Alexandria / Margham
380,35000,Alexandria / Margham
900,55000,Alexandria / Margham
80,5000,Alexandria / Masaken Abd El Qader El Gadida
70,10000,Alexandria / Miami
60,15000,Alexandria / Miami
80,20000,Alexandria / Mohammed Al Eqbal St.
80,25000,Alexandria / Mohammed Al Eqbal St.
85,120000,Alexandria / Mohammed Darwish El-Deeb St.
250,250000,Alexandria / Mohammed Fawzi Moaz St.
100,40000,Alexandria / Mohammed Naguib St.
80,10000,Alexandria / Mohammed Naguib St.
55,30000,Alexandria / Mohammed Naguib St.
160,80000,Alexandria / Mohammed Naguib St.
80,12000,Alexandria / Mohammed Naguib St.
210,13000,Alexandria / Moharram Bey
300,35000,Alexandria / Moharram Bey
110,5500,Alexandria / Moharram Bey
63,5000,Alexandria / Moharram Bey
50,15000,Alexandria / Moharram Bey
80,7000,Alexandria / Moharram Bey
300,12000,Alexandria / Moharram Bey
700,95000,Alexandria / Mostafa Fahmy St
95,10000,Alexandria / Mostafa Kamel St.
200,15000,Alexandria / Mostafa Kamel St.
70,17000,Alexandria / Nabawy Al Mohandes St
150,15000,Alexandria / New El Hadra
150,12000,Alexandria / New El Hadra
100,20000,Alexandria / Port Said St.
80,6500,Alexandria / Ragheb Pasha St.
80,7000,Alexandria / Ragheb Pasha St.
100,12000,Alexandria / Ragheb Pasha St.
80,8000,Alexandria / Ragheb Pasha St.
310,210000,Alexandria / Riad St
60,25000,Alexandria / Roushdy Basha St.
100,100000,Alexandria / Saad Zaghloul St.
183,45000,Alexandria / Salah Salem St.
194,80000,Alexandria / Salah Salem St.
200,25000,Alexandria / Salman El Faresi St.
100,15000,Alexandria / Salman El-Farsi St
90,9000,Alexandria / San Stefano
300,20000,Alexandria / San Stefano
50,50000,Alexandria / San Stefano
300,27000,Alexandria / San Stefano
138,75000,Alexandria / Sant Giyn St.
240,16000,Alexandria / Sebaweh St.
50,5000,Alexandria / Shamaa
100,30000,Alexandria / Shamaa
150,20000,Alexandria / Shamaa
180,20000,Alexandria / Shamaa
450,35000,Alexandria / Shatee El Nakheel
50,15000,Alexandria / Sidi Beshr Bahri
135,15000,Alexandria / Sidi Beshr Bahri
200,60000,Alexandria / Sidi Beshr Bahri
100,13000,Alexandria / Sidi Beshr Bahri
120,8500,Alexandria / Sidi Beshr Bahri
50,10000,Alexandria / Sidi Beshr Bahri
120,13000,Alexandria / Sidi Beshr Bahri
80,11000,Alexandria / Sidi Beshr Bahri
60,4500,Alexandria / Sidi Beshr Bahri
50,7500,Alexandria / Sidi Beshr Bahri
60,70000,Alexandria / Sidi Beshr Bahri
170,20000,Alexandria / Sidi Beshr Bahri
200,17000,Alexandria / Sidi Beshr Bahri
60,9000,Alexandria / Sidi Beshr Bahri
120,70000,Alexandria / Sidi Beshr Bahri
50,12000,Alexandria / Sidi Beshr Bahri
70,40000,Alexandria / Sidi Beshr Bahri
55,23000,Alexandria / Sidi Beshr Bahri
70,12000,Alexandria / Sidi Beshr Qebli
60,7000,Alexandria / Sidi Beshr Qebli
70,40000,Alexandria / Sidi Bishr
100,13000,Alexandria / Sidi Bishr
60,5000,Alexandria / Sidi Bishr
230,10000,Alexandria / Sidi Bishr
70,8500,Alexandria / Sidi Bishr
60,4500,Alexandria / Sidi Bishr
80,11000,Alexandria / Street 16
100,190000,Alexandria / Street 27
60,5000,Alexandria / Street 30
160,20000,Alexandria / Street 45
440,120000,Alexandria / Street 45
50,17000,Alexandria / Street 45
80,24000,Alexandria / Street 45
240,100000,Alexandria / Street 45
100,45000,Alexandria / Sutar St.
65,25000,Alexandria / Tout Ankh Amoun St.
55,15000,Alexandria / Victoria
60,25000,Alexandria / Victoria
50,20000,Alexandria / Victoria
60,26000,Alexandria / Victoria
55,25000,Alexandria / Victoria
,,
Total Records,=COUNTA(B2:B375),
Avg Rent (EGP),=AVERAGE(B2:B375),
Avg Area (m²),=AVERAGE(A2:A375),
Scraped At,2026-05-15,
